Workbook

Sheet Instructions
A1: LinkedIn Software-Mining Template
A2: Validation Phase -- Step 2 -- Caprock / WellPlug
A4: GOAL
A5: Build a 50-row map of which Texas oil & gas operators use which operations software. Use this to (a) gauge the addressable wedge for Caprock and (b) seed cold-outreach lists.
A7: BUDGET
A8: Spend ~3 hours total. If you hit 50 rows in 90 min, stop -- the next marginal row is worth less than the next marginal call.
A10: WORKFLOW
A11: 1. Open the 'Search Queries' tab. There are four surfaces: Google site-search, LinkedIn-native (simplified), vendor company pages, and LinkedIn Posts URLs. Start with Google site-search and vendor company pages -- those have the highest yield-per-minute. LinkedIn-native search alone returns very little since LinkedIn disabled Boolean syntax for free accounts.
A12: 2. For Google site-search: paste the query into Google, click each profile link in results. For vendor company pages: open the URL, click 'People', read each Customer Success / Sales bio for operator names they cover.
A13: 3. For each hit, log a row in 'Mining Log' with operator, software, URL, role, confidence, and any notes worth remembering.
A14: 4. The 'Summary' tab auto-tallies adoption -- check it as you go to spot which software is over- or under-represented.
A16: CONFIDENCE GUIDE
... A27: Hand the 50-row list to the fractional advisor (step 4) and to the first 2 expert-network calls (step 3). Ask: 'do these tools show up in your engagements?' This is how you turn a desk exercise into a validated wedge.

Sheet Search Queries
A1: Search Queries
A2: Four surfaces. Booleans no longer work on LinkedIn-free search; use Google site-search and vendor company pages instead.
A4: # | B4: Label | C4: Query / URL | D4: How to use
A5: 1 | B5: Greasebook -- Google site-search | C5: site:linkedin.com/in/ "Greasebook" Texas | D5: Paste into Google. Click each profile result.
A6: 2 | B6: WolfePak -- Google site-search | C6: site:linkedin.com/in/ "WolfePak" (Texas OR Permian) | D6: Paste into Google. Click each profile result.
A7: 3 | B7: Quorum -- Google site-search | C7: site:linkedin.com/in/ "Quorum" "oil and gas" Texas | D7: Paste into Google. Click each profile result.
A8: 4 | B8: Enverus -- Google site-search | C8: site:linkedin.com/in/ "Enverus" Texas operator | D8: Paste into Google. Click each profile result.
A9: 5 | B9: PakEnergy -- Google site-search | C9: site:linkedin.com/in/ "PakEnergy" Texas | D9: Paste into Google. Click each profile result.
A10: 6 | B10: Plugging / P&A -- Google site-search | C10: site:linkedin.com/in/ "plugging" Texas operator | D10: Paste into Google. Click each profile result.
A11: 7 | B11: Posts mentioning Greasebook -- Google | C11: site:linkedin.com/posts "Greasebook" Texas | D11: Paste into Google. Surfaces public posts mentioning the tool.
A12: 8 | B12: Greasebook -- LinkedIn search | C12: Greasebook | D12: Paste into LinkedIn search. UI: Location=Texas, Industry=Oil and Gas.
A13: 9 | B13: WolfePak -- LinkedIn search | C13: WolfePak | D13: Paste into LinkedIn search. UI: Location=Texas, Industry=Oil and Gas.
A14: 10 | B14: Quorum -- LinkedIn search | C14: Quorum oil and gas | D14: Paste into LinkedIn search. UI: Location=Texas.
A15: 11 | B15: Enverus -- LinkedIn search | C15: Enverus | D15: Paste into LinkedIn search. UI: Location=Texas, Industry=Oil and Gas.
A16: 12 | B16: PakEnergy -- LinkedIn search | C16: PakEnergy | D16: Paste into LinkedIn search. UI: Location=Texas, Industry=Oil and Gas.
... A23: 19 | B23: Plugging Texas -- LinkedIn Posts | C23: https://www.linkedin.com/search/results/content/?keywords=plugging%20Texas%20operator | D23: Open URL. Catch operator-side complaints / RRC compliance posts.

Sheet Mining Log
A1: operator_name | B1: software_mentioned | C1: source_url | D1: role_title | E1: confidence | F1: notes | G1: date_added
A2: Endeavor Energy Resources | F2: Midland-based independent. Look up: production engineers, regulatory leads. Public RRC operator. | G2: 2026-05-06
A3: Mewbourne Oil Company | F3: Tyler-based; large acreage in Permian + Anadarko. Look up: completions, regulatory. | G3: 2026-05-06
A4: Crownquest Operating | F4: Midland independent; mid-size Permian. Look up: production foreman, controller. | G4: 2026-05-06
A5: BTA Oil Producers | F5: Midland-based; smaller independent. Look up: ops manager, field super. | G5: 2026-05-06
A6: Texland Petroleum | F6: Fort Worth-based; legacy Permian operator. Look up: VP ops, regulatory. | G6: 2026-05-06
A7: Cox Operating | F7: Multiple basins incl. Texas. Look up: field super, P&A coordinator. | G7: 2026-05-06
A8: Riley Exploration Permian | F8: NM/TX overlap operator. Look up: completions engineer, regulatory. | G8: 2026-05-06
A9: Ring Energy | F9: Central Basin Platform operator. Look up: production manager, controller. | G9: 2026-05-06
A10: Vital Energy | F10: Midland-based independent (formerly Laredo Petroleum). Look up: regulatory, ops. | G10: 2026-05-06
A11: Matador Resources | F11: Dallas-based; Delaware Basin focused. Look up: regulatory, completions. | G11: 2026-05-06

Sheet Summary
A1: Adoption Summary
A2: Auto-tallies from the Mining Log. Refreshes when you save.
A4: Software | B4: Mentions | C4: % of logged | E4: Confidence | F4: Rows | G4: % of logged
A5: Greasebook | B5: =COUNTIF('Mining Log'!B2:B51,"Greasebook") -> 0 | C5: =IF(COUNTA('Mining Log'!B2:B51)=0,0,B5/COUNTA('Mining Log'!B2:B51)) -> 0 | E5: high | F5: =COUNTIF('Mining Log'!E2:E51,"high") -> 0 | G5: =IF(COUNTA('Mining Log'!B2:B51)=0,0,F5/COUNTA('Mining Log'!B2:B51)) -> 0
A6: WolfePak | B6: =COUNTIF('Mining Log'!B2:B51,"WolfePak") -> 0 | C6: =IF(COUNTA('Mining Log'!B2:B51)=0,0,B6/COUNTA('Mining Log'!B2:B51)) -> 0 | E6: med | F6: =COUNTIF('Mining Log'!E2:E51,"med") -> 0 | G6: =IF(COUNTA('Mining Log'!B2:B51)=0,0,F6/COUNTA('Mining Log'!B2:B51)) -> 0
A7: Quorum | B7: =COUNTIF('Mining Log'!B2:B51,"Quorum") -> 0 | C7: =IF(COUNTA('Mining Log'!B2:B51)=0,0,B7/COUNTA('Mining Log'!B2:B51)) -> 0 | E7: low | F7: =COUNTIF('Mining Log'!E2:E51,"low") -> 0 | G7: =IF(COUNTA('Mining Log'!B2:B51)=0,0,F7/COUNTA('Mining Log'!B2:B51)) -> 0
A8: Enverus | B8: =COUNTIF('Mining Log'!B2:B51,"Enverus") -> 0 | C8: =IF(COUNTA('Mining Log'!B2:B51)=0,0,B8/COUNTA('Mining Log'!B2:B51)) -> 0
A9: PakEnergy | B9: =COUNTIF('Mining Log'!B2:B51,"PakEnergy") -> 0 | C9: =IF(COUNTA('Mining Log'!B2:B51)=0,0,B9/COUNTA('Mining Log'!B2:B51)) -> 0
A10: Spreadsheet | B10: =COUNTIF('Mining Log'!B2:B51,"Spreadsheet") -> 0 | C10: =IF(COUNTA('Mining Log'!B2:B51)=0,0,B10/COUNTA('Mining Log'!B2:B51)) -> 0
A11: Other | B11: =COUNTIF('Mining Log'!B2:B51,"Other") -> 0 | C11: =IF(COUNTA('Mining Log'!B2:B51)=0,0,B11/COUNTA('Mining Log'!B2:B51)) -> 0
A12: Unknown | B12: =COUNTIF('Mining Log'!B2:B51,"Unknown") -> 0 | C12: =IF(COUNTA('Mining Log'!B2:B51)=0,0,B12/COUNTA('Mining Log'!B2:B51)) -> 0
A13: Total logged | B13: =COUNTA('Mining Log'!B2:B51) -> 0 | C13: =B13/50 -> 0
A16: Progress | B16: =COUNTA('Mining Log'!B2:B51) -> 0 | C16: of 50
A17: Completion | B17: =COUNTA('Mining Log'!B2:B51)/50 -> 0
